zip,state,county,city,combined_rate,state_rate,county_rate,city_rate
10001,NY,New York,New York,0.08875,0.0400,0.00375,0.0450
90012,CA,Los Angeles,Los Angeles,0.0950,0.0600,0.0225,0.0125
60601,IL,Cook,Chicago,0.1025,0.0625,0.0175,0.0225
77002,TX,Harris,Houston,0.0825,0.0625,0.0100,0.0100
85001,AZ,Maricopa,Phoenix,0.0860,0.0560,0.0070,0.0230
19102,PA,Philadelphia,Philadelphia,0.0800,0.0600,0.0000,0.0200
78201,TX,Bexar,San Antonio,0.0825,0.0625,0.0050,0.0150
92101,CA,San Diego,San Diego,0.0775,0.0600,0.0025,0.0150
75201,TX,Dallas,Dallas,0.0825,0.0625,0.0100,0.0100
95113,CA,Santa Clara,San Jose,0.09375,0.0600,0.01875,0.0150
78701,TX,Travis,Austin,0.0825,0.0625,0.0100,0.0100
32099,FL,Duval,Jacksonville,0.0750,0.0600,0.0150,0.0000
76102,TX,Tarrant,Fort Worth,0.0825,0.0625,0.0050,0.0150
43215,OH,Franklin,Columbus,0.0750,0.0575,0.0125,0.0050
28202,NC,Mecklenburg,Charlotte,0.0725,0.0475,0.0200,0.0050
46204,IN,Marion,Indianapolis,0.0700,0.0700,0.0000,0.0000
94102,CA,San Francisco,San Francisco,0.08625,0.0600,0.01375,0.0125
98101,WA,King,Seattle,0.1035,0.0650,0.0145,0.0240
80202,CO,Denver,Denver,0.0881,0.0290,0.0100,0.0491
20001,DC,District of Columbia,Washington,0.0600,0.0600,0.0000,0.0000
02108,MA,Suffolk,Boston,0.0625,0.0625,0.0000,0.0000
79901,TX,El Paso,El Paso,0.0825,0.0625,0.0000,0.0200
37201,TN,Davidson,Nashville,0.0925,0.0700,0.0225,0.0000
48226,MI,Wayne,Detroit,0.0600,0.0600,0.0000,0.0000
73102,OK,Oklahoma,Oklahoma City,0.08625,0.0450,0.0000,0.04125
97201,OR,Multnomah,Portland,0.0000,0.0000,0.0000,0.0000
89101,NV,Clark,Las Vegas,0.08375,0.0685,0.01525,0.0000
38103,TN,Shelby,Memphis,0.0975,0.0700,0.0225,0.0050
40202,KY,Jefferson,Louisville,0.0600,0.0600,0.0000,0.0000
21201,MD,Baltimore City,Baltimore,0.0600,0.0600,0.0000,0.0000
53202,WI,Milwaukee,Milwaukee,0.0790,0.0500,0.0090,0.0200
87102,NM,Bernalillo,Albuquerque,0.07625,0.04875,0.01125,0.01625
85701,AZ,Pima,Tucson,0.0870,0.0560,0.0050,0.0260
93721,CA,Fresno,Fresno,0.0835,0.0600,0.0135,0.0100
95814,CA,Sacramento,Sacramento,0.0875,0.0600,0.0175,0.0100
85201,AZ,Maricopa,Mesa,0.0830,0.0560,0.0070,0.0200
64106,MO,Jackson,Kansas City,0.0898,0.04225,0.0150,0.03255
30303,GA,Fulton,Atlanta,0.0890,0.0400,0.0300,0.0190
68102,NE,Douglas,Omaha,0.0700,0.0550,0.0000,0.0150
80903,CO,El Paso,Colorado Springs,0.0820,0.0290,0.0123,0.0407
27601,NC,Wake,Raleigh,0.0725,0.0475,0.0200,0.0050
33101,FL,Miami-Dade,Miami,0.0700,0.0600,0.0100,0.0000
90802,CA,Los Angeles,Long Beach,0.1025,0.0600,0.0225,0.0200
23456,VA,Virginia Beach,Virginia Beach,0.0600,0.0530,0.0000,0.0070
94612,CA,Alameda,Oakland,0.1075,0.0600,0.0200,0.0275
55401,MN,Hennepin,Minneapolis,0.09025,0.06875,0.0165,0.0050
74103,OK,Tulsa,Tulsa,0.08517,0.0450,0.00367,0.0365
33602,FL,Hillsborough,Tampa,0.0750,0.0600,0.0150,0.0000
76010,TX,Tarrant,Arlington,0.0825,0.0625,0.0050,0.0150
70112,LA,Orleans,New Orleans,0.0945,0.0445,0.0000,0.0500
67202,KS,Sedgwick,Wichita,0.0750,0.0650,0.0100,0.0000
44114,OH,Cuyahoga,Cleveland,0.0800,0.0575,0.0225,0.0000
93301,CA,Kern,Bakersfield,0.0825,0.0600,0.0125,0.0100
80010,CO,Arapahoe,Aurora,0.0850,0.0290,0.0185,0.0375
92801,CA,Orange,Anaheim,0.0775,0.0600,0.0175,0.0000
96813,HI,Honolulu,Honolulu,0.0450,0.0400,0.0050,0.0000
92701,CA,Orange,Santa Ana,0.0925,0.0600,0.0175,0.0150
63101,MO,St. Louis City,St. Louis,0.09679,0.04225,0.0000,0.05454
15219,PA,Allegheny,Pittsburgh,0.0700,0.0600,0.0100,0.0000
45202,OH,Hamilton,Cincinnati,0.0780,0.0575,0.0205,0.0000
32801,FL,Orange,Orlando,0.0650,0.0600,0.0050,0.0000
99501,AK,Anchorage,Anchorage,0.0000,0.0000,0.0000,0.0000
84101,UT,Salt Lake,Salt Lake City,0.0775,0.0485,0.0135,0.0155
97401,OR,Lane,Eugene,0.0000,0.0000,0.0000,0.0000
03101,NH,Hillsborough,Manchester,0.0000,0.0000,0.0000,0.0000
19801,DE,New Castle,Wilmington,0.0000,0.0000,0.0000,0.0000
59101,MT,Yellowstone,Billings,0.0000,0.0000,0.0000,0.0000
98052,WA,King,Redmond,0.1020,0.0650,0.0145,0.0225
94025,CA,San Mateo,Menlo Park,0.0975,0.0600,0.0225,0.0150
94043,CA,Santa Clara,Mountain View,0.09125,0.0600,0.01875,0.0125
94301,CA,Santa Clara,Palo Alto,0.09125,0.0600,0.01875,0.0125
10019,NY,New York,Manhattan,0.08875,0.0400,0.00375,0.0450
60611,IL,Cook,Chicago Near North,0.1025,0.0625,0.0175,0.0225
77007,TX,Harris,Houston Heights,0.0825,0.0625,0.0100,0.0100
